{
  "accuracy": 0.8816635663566357,
  "ci_lower": 0.8746874687468746,
  "ci_upper": 0.8876912691269127,
  "delta_from_baseline_pct": 76.33271327132714,
  "threshold": 1.5,
  "precision": 0.8709677419354839,
  "recall": 0.043938161106590726,
  "f1_score": 0.08365608055770721,
  "prime_count": 1229,
  "composite_count": 8770,
  "confusion_matrix": {
    "true_positives": 54,
    "false_positives": 8,
    "true_negatives": 8762,
    "false_negatives": 1175
  },
  "parameters": {
    "max_n": 10000,
    "v_param": 1.0,
    "bootstrap_samples": 1000
  }
}