{
  "accuracy": 0.7273793103448277,
  "ci_lower": 0.5517241379310345,
  "ci_upper": 0.8620689655172413,
  "delta_from_baseline_pct": 45.47586206896555,
  "threshold": 1.5,
  "precision": 0.5555555555555556,
  "recall": 1.0,
  "f1_score": 0.7142857142857143,
  "prime_count": 10,
  "composite_count": 19,
  "confusion_matrix": {
    "true_positives": 10,
    "false_positives": 8,
    "true_negatives": 11,
    "false_negatives": 0
  },
  "parameters": {
    "max_n": 30,
    "v_param": 1.0,
    "bootstrap_samples": 1000
  }
}