{
  "limit": 1000000,
  "prime_count": 78498,
  "basic_stats": {
    "count": 78497.0,
    "mean": 0.00016717003678178564,
    "std": 0.0038157856856976787,
    "min": 2.000080002062532e-06,
    "max": 0.5108256237659905,
    "skewness": 89.81327754227064,
    "kurtosis": 9716.913754658164,
    "regular_gap_mean": 12.739098309489535,
    "regular_gap_std": 10.28239601088216,
    "regular_gap_max": 114.0
  },
  "bin_means": [
    0.005604741615199333,
    0.0004982370904708187,
    0.0002893816940563137,
    0.00020412567350044063,
    0.00015843460679740927,
    0.0001279203261594442,
    0.00010913563889627062,
    9.376712005015242e-05,
    8.184134895366795e-05,
    7.508319182397237e-05,
    6.626993713767573e-05,
    6.060000500604061e-05,
    5.6146170248171125e-05,
    5.187958081461128e-05,
    4.848986641216824e-05,
    4.5334069162922985e-05,
    4.234732048931465e-05,
    3.9090261008037645e-05,
    3.786457633321656e-05,
    3.5602093605283276e-05,
    3.468672497649429e-05,
    3.242845201164004e-05,
    3.1048160767051525e-05,
    2.9211471781793494e-05,
    2.8720714447837123e-05,
    2.6957215813092413e-05,
    2.626988960974107e-05,
    2.4898870946111832e-05,
    2.4683067881236138e-05,
    2.3584789551432213e-05,
    2.265510668530611e-05,
    2.1929222316659615e-05,
    2.1526607770524287e-05,
    2.095516677775371e-05,
    2.020913230049007e-05,
    1.93801771503767e-05,
    1.897636495215184e-05,
    1.8348571796922485e-05,
    1.8249607899718767e-05,
    1.7312410936378238e-05,
    1.7025577397259976e-05,
    1.657640863266269e-05,
    1.646443863044537e-05,
    1.5809351834309554e-05,
    1.562703951742729e-05,
    1.5026663602518227e-05,
    1.5045085688091546e-05,
    1.4680769546474211e-05,
    1.4305865807199558e-05,
    1.4199031386527259e-05
  ],
  "bin_regression": {
    "slope": -1.6521993195602506e-05,
    "intercept": 0.0005720505161830793,
    "r_squared": 0.09318830854601443,
    "p_value": 0.031105546683149014,
    "note": "Compared with the quintile (5-bin) regression (R^2 ≈ 0.54), the 50-bin regression has a much lower R^2 because finer binning exposes more local variability and heteroskedasticity in the log-gap means. Coarser bins average over this noise and make the approximate decay trend appear more linear, whereas with 50 bins a simple straight line explains only a small fraction of the variance even though the slope remains statistically different from zero. This result should therefore be interpreted as weak evidence for decay rather than a strong linear fit."
  },
  "quintile_means": [
    0.0007238848864168265,
    4.8342930113334794e-05,
    2.822986964593068e-05,
    1.9947512632970694e-05,
    1.5464311900920506e-05
  ],
  "quintile_regression": {
    "slope": -0.0001445236566512176,
    "intercept": 0.00045622121544443186,
    "r_squared": 0.5382648794984993,
    "p_value": 0.1582396014115079
  },
  "decile_means": [
    0.001350336972640897,
    9.751320006745535e-05,
    5.6629540489107195e-05,
    4.006184764546119e-05,
    3.11878583303458e-05,
    2.5283936561602186e-05,
    2.143913953382468e-05,
    1.845625373605795e-05,
    1.6280011858478666e-05,
    1.4647631522955013e-05
  ],
  "decile_regression": {
    "slope": -7.783318101450437e-05,
    "intercept": 0.0005174329538038882,
    "r_squared": 0.32014562347507797,
    "p_value": 0.08821893433721584
  },
  "best_distribution": "lognormal",
  "best_ks_stat": 0.0515590271160804,
  "all_uncorrelated": false,
  "significant_acf_lags": [
    1,
    2,
    3,
    4,
    5,
    6,
    7,
    8,
    9,
    10,
    11,
    12,
    13,
    14,
    15,
    16,
    17,
    18,
    19,
    20
  ]
}