{
  "all_results": {
    "100000": {
      "scale": 100000,
      "phase_name": "10^5",
      "timestamp": "2025-12-22T20:28:57.841002",
      "prime_generation": {
        "count": 9592,
        "expected": null,
        "time_seconds": 0.01067042350769043,
        "validation_passed": true
      },
      "descriptive": {
        "count": 9591,
        "mean": 0.001128108464222713,
        "std": 0.010867593870599278,
        "min": 2.000200020013665e-05,
        "max": 0.5108256237659905,
        "skewness": 31.55268426428102,
        "kurtosis": 1194.869944133935
      },
      "quintile": {
        "bin_means": [
          0.004704057853787069,
          0.0004063484658316866,
          0.00023555993136982028,
          0.00016659756049440335,
          0.00012849968209259274
        ],
        "means": [
          0.004704057853787069,
          0.0004063484658316866,
          0.00023555993136982028,
          0.00016659756049440335,
          0.00012849968209259274
        ],
        "slope": -0.0009390867248726237,
        "intercept": 0.003006386148460362,
        "r_squared": 0.5501899937207244,
        "p_value": 0.15129199591371137,
        "decay_ratio": 36.607544681686264,
        "f1_falsified": false,
        "is_monotonic_decreasing": true
      },
      "decile": {
        "bin_means": [
          0.008589793070905447,
          0.0008183226366686914,
          0.00047688788328084306,
          0.0003358090483825301,
          0.00026082031769473135,
          0.00021029954504490922,
          0.00017920024856693686,
          0.00015399487242186984,
          0.00013696413222164075,
          0.00012004404909909579
        ],
        "means": [
          0.008589793070905447,
          0.0008183226366686914,
          0.00047688788328084306,
          0.0003358090483825301,
          0.00026082031769473135,
          0.00021029954504490922,
          0.00017920024856693686,
          0.00015399487242186984,
          0.00013696413222164075,
          0.00012004404909909579
        ],
        "slope": -0.0005038306845683515,
        "intercept": 0.0033954516609862517,
        "r_squared": 0.3363298299681817,
        "p_value": 0.07884930169080653
      },
      "distribution": {
        "normal": {
          "ks_stat": 0.45939251093971,
          "p_value": 0.0,
          "params": {
            "mu": 0.001128108464222713,
            "sigma": 0.010867593870599278
          }
        },
        "lognormal": {
          "ks_stat": 0.05726513764543684,
          "p_value": 8.840979642213352e-28,
          "params": {
            "shape": 1.2866741112925417,
            "loc": 0,
            "scale": 0.0002415323263647987
          },
          "mle_params": {
            "mu": -8.328507237246622,
            "sigma": 1.2866741112925417
          }
        },
        "exponential": {
          "ks_stat": 0.40903095192724503,
          "p_value": 0.0,
          "params": {
            "loc": 0.0,
            "scale": 0.001128108464222713
          }
        },
        "gamma": {
          "ks_stat": 0.24117699831280814,
          "p_value": 0.0,
          "params": {
            "a": 0.42310603222956134,
            "loc": 0,
            "scale": 0.002666254740633535
          }
        },
        "weibull": {
          "ks_stat": 0.14817423183933628,
          "p_value": 2.850776909364175e-184,
          "params": {
            "c": 0.5982805996988965,
            "loc": 0,
            "scale": 0.0004808457594791322
          }
        },
        "uniform": {
          "ks_stat": 0.96834695130903,
          "p_value": 0.0,
          "params": {
            "loc": 2.000200020013665e-05,
            "scale": 0.5108056217657904
          }
        }
      },
      "distribution_comparison": {
        "best_fit": "lognormal",
        "best_ks": 0.05726513764543684,
        "normal_ks": 0.45939251093971,
        "lognormal_ks": 0.05726513764543684,
        "ks_ratio_normal_lognormal": 8.022202160485275,
        "f2_falsified": false,
        "all_fits": {
          "normal": {
            "ks_stat": 0.45939251093971,
            "p_value": 0.0,
            "params": {
              "mu": 0.001128108464222713,
              "sigma": 0.010867593870599278
            }
          },
          "lognormal": {
            "ks_stat": 0.05726513764543684,
            "p_value": 8.840979642213352e-28,
            "params": {
              "shape": 1.2866741112925417,
              "loc": 0,
              "scale": 0.0002415323263647987
            },
            "mle_params": {
              "mu": -8.328507237246622,
              "sigma": 1.2866741112925417
            }
          },
          "exponential": {
            "ks_stat": 0.40903095192724503,
            "p_value": 0.0,
            "params": {
              "loc": 0.0,
              "scale": 0.001128108464222713
            }
          },
          "gamma": {
            "ks_stat": 0.24117699831280814,
            "p_value": 0.0,
            "params": {
              "a": 0.42310603222956134,
              "loc": 0,
              "scale": 0.002666254740633535
            }
          },
          "weibull": {
            "ks_stat": 0.14817423183933628,
            "p_value": 2.850776909364175e-184,
            "params": {
              "c": 0.5982805996988965,
              "loc": 0,
              "scale": 0.0004808457594791322
            }
          },
          "uniform": {
            "ks_stat": 0.96834695130903,
            "p_value": 0.0,
            "params": {
              "loc": 2.000200020013665e-05,
              "scale": 0.5108056217657904
            }
          }
        }
      },
      "skewness_kurtosis": {
        "skewness": 31.55268426428102,
        "kurtosis": 1194.869944133935,
        "is_normal_like_skewness": false,
        "is_normal_like_kurtosis": false,
        "is_normal_like": false,
        "f5_falsified": false
      },
      "autocorrelation": {
        "nlags": 20,
        "acf": [
          1.0,
          0.7943568434930119,
          0.7219970219246119,
          0.6123245355841066,
          0.4979249469473904,
          0.48904718758384325,
          0.4173370128620563,
          0.4399418099405058,
          0.36633687690575684,
          0.32081630942244743,
          0.3197454369150454,
          0.26454634417438866,
          0.2781049460814997,
          0.2667942374326415,
          0.2617869420100825,
          0.237988926178398,
          0.21324304247837464,
          0.2110952161831641,
          0.19567376110170695,
          0.20260235288500417,
          0.19969075125977243
        ],
        "significant_lags": [
          1,
          2,
          3,
          4,
          5,
          6,
          7,
          8,
          9,
          10,
          11,
          12,
          13,
          14,
          15,
          16,
          17,
          18,
          19,
          20
        ],
        "has_short_range_structure": true,
        "ljungbox_status": "evaluated",
        "autocorr_mode": "ljungbox",
        "ljungbox_all_p_above_005": false,
        "f4_falsified": false
      }
    }
  },
  "falsification_summary": {
    "F1": {
      "description": "Non-decreasing quintile trend",
      "falsified": false,
      "scales": []
    },
    "F2": {
      "description": "Normal fits better than log-normal",
      "falsified": false,
      "scales": []
    },
    "F4": {
      "description": "White noise (no autocorrelation)",
      "falsified": false,
      "scales": [],
      "evaluated": true
    },
    "F5": {
      "description": "Normal-like skewness/kurtosis",
      "falsified": false,
      "scales": []
    },
    "F6": {
      "description": "Scale-dependent reversals",
      "falsified": false,
      "scales": []
    },
    "hypothesis_falsified": false,
    "hypothesis_supported": true
  },
  "scale_comparison": {
    "scales": [
      100000
    ],
    "slopes": [
      -0.0009390867248726237
    ],