range_id,band_id,p_min,p_max,n_train,n_test,winner,delta_bic,delta_logl,exp_bic,ln_bic,exp_ks,ln_ks,exp_ks_p,ln_ks_p
10000000:20000000,0,10000000.0,14142135.623730952,155648,66707,lognormal,3897.2805316208396,1954.1942983974004,523374.28824385576,519477.0077122349,0.11982849632635506,0.08928045398282247,0.0,0.0
10000000:20000000,1,14142135.623730952,20000000.000000004,215525,92369,lognormal,5333.103530768305,2672.268538735865,728748.3599393703,723415.256408602,0.1194023843391058,0.08754748281497071,0.0,0.0
